[{
  "_id": {
    "$oid": "60496fa611a7bf8fabaae41d"
  },
  "Title": "Silence of the Lambs",
  "Description": "update A young FBI cadet must receive the help of an incarcerated and manipulative cannibal killer.",
  "Genre": {
    "Name": "Thriller",
    "Description": "Thriller film, also known as suspense film or suspense thriller, is a broad film genre that involves excitement and suspense in the audience."
  },
  "Director": {
    "Name": "Jonathan Demme",
    "Bio": "Robert Jonathan Demme was an American director, producer, and screenwriter.",
    "Birth": "1944",
    "Death": "2017"
  },
  "ImagePath": "silenceofthelambs.png",
  "Featured": true
},{
  "_id": {
    "$oid": "6056eced11a7bf8fabaae41f"
  },
  "Title": "Joker",
  "Description": "In film and television, drama is a genre of narrative fiction (or semi-fiction) intended to be more serious than humorous in tone. ... These terms tend to indicate a particular setting or subject-matter, or else they qualify the otherwise serious tone of a drama with elements that encourage a broader range of moods.",
  "Genre": {
    "Name": "Drama",
    "Description": "In film and television, drama is a genre of narrative fiction (or semi-fiction) intended to be more serious than humorous in tone. ... These terms tend to indicate a particular setting or subject-matter, or else they qualify the otherwise serious tone of a drama with elements that encourage a broader range of moods."
  },
  "Director": {
    "Name": "Todd Phillips",
    "Bio": "Todd Phillips was born on December 20, 1970 in Brooklyn, New York City, New York, USA as Todd Bunzl. He is a producer and director, known for Joker (2019), Old School (2003) and Due Date (2010).",
    "Birth": "1970",
    "Death": "1997"
  },
  "ImagePath": "Joker.png",
  "Featured": true
},{
  "_id": {
    "$oid": "6056f64e11a7bf8fabaae421"
  },
  "Title": "The Notebook",
  "Description": "In film and television, drama is a genre of narrative fiction (or semi-fiction) intended to be more serious than humorous in tone. ... These terms tend to indicate a particular setting or subject-matter, or else they qualify the otherwise serious tone of a drama with elements that encourage a broader range of moods.",
  "Genre": {
    "Name": "Romance",
    "Description": "Romance films or romance movies are romantic love stories recorded in visual media for broadcast in theaters and on TV that focus on passion, emotion, and the affectionate romantic involvement of the main characters and the journey that their love takes them through dating, courtship or marriage."
  },
  "Director": {
    "Name": "Nick Cassavetes",
    "Bio": "Nick Cassavetes was born in New York City, the son of actress Gena Rowlands and Greek-American actor and film director John Cassavetes. As a child, he appeared in two of his father's films: Husbands (1970) and A Woman Under the Influence (1974). After spending so much of his youth surrounded by the film industry, Cassavetes initially decided he did not want to go into the field. He instead attended Syracuse University on a basketball scholarship. His athletic career was effectively ended by an injury, and he decided to rethink his aspirations, ultimately deciding to attend his parents' alma mater, the American Academy of Dramatic Arts in New York. He has appeared in the films, Face/Off (1997), The Wraith (1986), Life (1999), Class of 1999 II: The Substitute (1994), Backstreet Dreams (1990) and The Astronaut's Wife (1999), among others. He has directed several films, including John Q (2002), Alpha Dog (2006), She's So Lovely (1997), Unhook the Stars (1996), The Notebook (2004), and My Sister's Keeper (2009). He also adapted the screenplay for Blow (2001) and wrote the dialogue for the Justin Timberlake music video, \"What Goes Around... Comes Around\". In 1985, Cassavetes married Isabelle Rafalovich. They had two daughters together, Virginia Cassavetes (Virginia Sara Cassavetes) (born in 1986) and Sasha Cassavetes (born in 1988), before divorcing. He then married Heather Wahlquist (Heather \"Queenie\" Wahlquist), who has appeared in several of his films, including a small role in The Notebook (2004) as Sara, a secondary character and best friend to the female lead Allie Hamilton, portrayed by Rachel McAdams. The movie is effectively a family project, as Cassavetes's own mother, Gena Rowlands, appears as the older, married Allie Calhoun.",
    "Birth": "1959",
    "Death": ""
  },
  "ImagePath": "The Notebook.png",
  "Featured": true
},{
  "_id": {
    "$oid": "6056f77811a7bf8fabaae423"
  },
  "Title": "Harry Potter and the Deathly Hallows: Part 2",
  "Description": "In film and television, drama is a genre of narrative fiction (or semi-fiction) intended to be more serious than humorous in tone. ... These terms tend to indicate a particular setting or subject-matter, or else they qualify the otherwise serious tone of a drama with elements that encourage a broader range of moods.",
  "Genre": {
    "Name": "Adventure",
    "Description": "Adventure. Adventure film is a genre that revolves around the conquests and explorations of a protagonist. The purpose of the conquest can be to retrieve a person or treasure, but often the main focus is simply the pursuit of the unknown. These films generally take place in exotic locations and play on historical myths."
  },
  "Director": {
    "Name": "David Yates",
    "Bio": "David Yates was born on October 8, 1963 in St. Helens, Merseyside, England. He is a director and producer, known for Harry Potter and the Deathly Hallows: Part 2 (2011), Harry Potter and the Order of the Phoenix (2007) and The Legend of Tarzan (2016).",
    "Birth": "1963",
    "Death": ""
  },
  "ImagePath": "Harry Potter and the Deathly Hallows: Part 2",
  "Featured": true
}]